product_id,product_name,category,sub_category,link,image,price,rating,description
19656, a dệt kim đông xuân áo may ô nam lỗ màu trắng đen a dáng body ôm slim fit,Thời Trang Nam,Áo Ba Lỗ,https://shopee.vn/(A393)-D%E1%BB%86T-KIM-%C4%90%C3%94NG-XU%C3%82N-%C3%81O-MAY-%C3%94-NAM-3-L%E1%BB%96-M%C3%80U-TR%E1%BA%AENG-%C4%90EN-209-A0393-D%C3%81NG-BODY-%C3%94M-SLIM-FIT-i.279296612.2921494470?sp_atk=16e2bad5-832a-41e6-9ffa-49491761aa4f,,72000.0,5.0, dáng ôm hàng phân phối trực tiếp của công ty dệt kim đông xuân cam kết hàng chính hãng chất liệu thoáng mát và thấm hút mồ hôi không như hàng chợ pha nhiều nylon mỗi sản phẩm đều được để trong túi riêng in đầy đủ thông tin với chất liệu cotton mặt vải mịn thoáng khí co giãn tốt có khả năng thấm hút nước cao thoát nước nhanh khô đem lại cảm giác thoải mái tự tin cho người sử dụng quy trình xử lý vải an toàn không độc hại không gây kích ứng da theo tiêu chuẩn nhật bản áo may ô a là sự lựa chọn hoàn hảo cho nam giới 
19839, freeship shop bán quần áo cho người mập áo quần big ,Thời Trang Nam,Áo Ba Lỗ,https://shopee.vn/-FREESHIP-Shop-b%C3%A1n-qu%E1%BA%A7n-%C3%A1o-cho-ng%C6%B0%E1%BB%9Di-m%E1%BA%ADp-%C3%81o-qu%E1%BA%A7n-big-size-i.223610248.7532310800?sp_atk=337f45b3-5c1d-48b3-93d9-d658b3ec2d17,,76001.0,0.0,op xin kể câu chuyện nha khách hàng sao shop bán áo rẻ thế ạ?? shop ồ bạn ơi shop là xưởng in trực tiếp với số lượng lớn một ngày xưởng sản xuất hàng nghìn chiếc áo mà nên mới rẻ vậy đó khách hàng rẻ vậy chất liệu có tốt không?? shop chất liệu vải là cotton pha lạnh nên bạn yên tâm về chất lượng nhé khách hàng thân hình tôi hơi lớn tôi mặt thời gian áo có bung chỉ không? shop bạn yên tâm nhé kiểu may của áo là kiểu dây cô móc xích vai rất chắc chắn nên khỏi lo bung chỉ sau khi mặc nhé khách hàng còn mực in thì sao ạ? shop về mực in thì thấm sâu vào sợi vải định dạng d bảo hành hình in lên đến năm không phai màu bạn khỏi lo nha khách hàng áo này nữ mặc có được không? shop áo này nam nữ điều mặc được bạn nhé shop chúng tôi xin cam kết cam kết hình ảnh sắt nét chất lượng giống hình cam kết hàng mặc không phai màu ko xù lông giặt máy thoải mái về chất liệu áo được may bằng vải thun cotton thoáng mát mềm mịn co giãn tốt không nhão về chất liệu mực in mực in thấm sâu vào sợi vải định dạng d bảo hành hình in lên đến năm không phai màu hoàn tiền nếu sản phẩm không giống với mô tả có đủ ngoại cở cho quý khách dễ dàng lựa chọn bảng full cho nam và nữ dành cho người từ dành cho người từ dành cho người từ dành cho người từ dành cho người từ dành cho người từ quý khách lưu ý đây là bảng tiêu chuẩn mặt ôm body nếu quý khách muốn mặt thoải mái hãy nhích lên thêm so với tiêu chuẩn trên 
191124,áo ghi lê plus phong cách hàn quốc cho nam,Thời Trang Nam,Áo Ba Lỗ,https://shopee.vn/%C3%81o-Ghi-L%C3%AA-Plus-Size-Phong-C%C3%A1ch-H%C3%A0n-Qu%E1%BB%91c-Cho-Nam-i.301240149.17852233180?sp_atk=f079816f-9a2c-427c-8e90-f33eac0f79c5,,180500.0,0.0, nhiều chiết khấu đang chờ bạn lời nhắc chỉ số dưới về quang sai màu để chụp ánh sáng mỗi người có một màn hình hiển thị khác nhau và sẽ có một số khác biệt nhỏ giữa hình ảnh và vật thể thực tế khuyến nghị về kích thước kích thước được khuyến nghị được xử lý một cách cố ý theo ý kiến kiểm tra bi thảm do trải nghiệm bán hàng thông thường vui lòng tham khảo biểu đồ kích thước phẳng để biết chi tiết kích thước là phép đo phẳng do các phương pháp đo khác nhau nếu có sai số từ nó nằm trong phạm vi hợp lý vui lòng chọn kỹ thông số kỹ thuật và kích thước trước khi đặt hàng nếu bạn có bất kỳ câu hỏi nào về kích thước trước tiên bạn có thể trò chuyện và cung cấp cho tôi chiều cao cân nặng vòng ngực hông v v tất cả các kích thước tại shop này đều là kích thước tiêu chuẩn chỉ cần đặt hàng theo kích thước bạn thường mua nếu có lỗi tôm trong sản phẩm nhận được vui lòng thông báo cho tôi trước để giúp bạn giải quyết tôi sẽ giúp bạn giải quyết nó sau khi sa đừng trực tiếp đưa ra những đánh giá xấu cho tôi tôi sẽ không muộn nếu tôi không hài lòng với những đánh giá không tốt chất lượng hàng hóa bạn nhận được những gì bạn phải trả không cần sử dụng kính lúp để cố tình kiểm tra sản phẩm mọi thắc mắc vui lòng sử dụng chat để hỏi xin cảm ơn vải chất liệu cotton cotton hàm lượng thành phần bao gồm bao gồm phiên bản slim loại cổ áo cổ chữ v phong cách kinh doanh độ tuổi áp dụng trung niên và thanh niên tuổi thành phần chất liệu sợi polyester ; số hàng mj ; cổ chữ v; placket và các nút ngực khác; màu xanh nước biển đen xám; kích thước s; phân loại vải ping dính; áo vest phong cách; chất liệu pingyuan; hàm lượng pingyuan trên ; năm năm năm; các mùa áp dụng mùa xuân; cảnh áp dụng làm việc; đối tượng áp dụng thanh niên; không có chất độn; phiên bản quần áo mỏng; độ dày và thông thường; thiết kế lên và xuống; quần áo kiểu túi ba chiều túi vá kích thước; phong cách quần áo thử thách mọi thứ khác; cơ sở giữa các quý ông phong cách kinh doanh; phân khu phong cách kinh doanh bình thường; hoa văn một lần màu; quần áo khéo léo ủi miễn phí
19297,new cotton breathable male gyms clothes bodybuilding undershirt fitness tank tops men's casual sleeveless o neck vest sportswear,Thời Trang Nam,Áo Ba Lỗ,https://shopee.vn/New-Cotton-Breathable-Male-Gyms-Clothes-Bodybuilding-Undershirt-Fitness-Tank-Tops-Men's-Casual-Sleeveless-O-Neck-Vest-Sportswear-i.217486264.6442447572?sp_atk=84147c87-32e9-4bc8-926d-5d0bc5dc57c0,,200000.0,5.0,and name pattern type print style casual fabric type broadcloth material cotton collar o neck hooded no color white black blue red yellow style sport fashion casual sport gym boxing weight lifting running basketball football
191220,áo thể thao nam ba lỗ,Thời Trang Nam,Áo Ba Lỗ,https://shopee.vn/%C3%81o-th%E1%BB%83-thao-nam-ba-l%E1%BB%97-i.34045871.4532368450?sp_atk=2973c45a-5752-46d5-a1e8-0ea720d56652,,160000.0,0.0,em sale 
1932,áo ba lỗ nam thun lạnh co giãn chiều,Thời Trang Nam,Áo Ba Lỗ,https://shopee.vn/%C3%81o-ba-l%E1%BB%97-nam-thun-l%E1%BA%A1nh-co-gi%C3%A3n-4-chi%E1%BB%81u-i.180484145.3152416919?sp_atk=75457428-eac4-4c6e-a945-3cbe960507b0,https://cf.shopee.vn/file/5618b1737affd70c33ec443f11ed70a1_tn,69000.0,5.0,ng quá nắng chỉ có độ thôi mà chắc hẳn các anh đang suy nghĩ ra đường hay ở nhà đi tập gym đi chơi thể thao mặc gì vừa sang vừa đẹp vừa mát đã có áo sát nách nhà e ah yên tâm về chất lượng vải thun lạnh chiều sờ mát tay mặc cực thích luôn ah chơi thể thao thì khỏi phải nghĩ vì co giãn thoải mái khách hàng người ko cân đối ib để đc tư vấn cho phù hợp ah khách sỉ có thể ib qua zalo đt mr thọ 
19973,áo thun cotton hai dây màu trắng đen thời trang mùa hè cho nữ,Thời Trang Nam,Áo Ba Lỗ,https://shopee.vn/%C3%81o-Thun-Cotton-Hai-D%C3%A2y-M%C3%A0u-Tr%E1%BA%AFng-%C4%90en-Th%E1%BB%9Di-Trang-M%C3%B9a-H%C3%A8-Cho-N%E1%BB%AF-i.517253245.15158743549?sp_atk=18824340-e76e-4d95-8778-247df380ea87,,232100.5,0.0,ương hiệu arctic nơi giao hàng tỉnh sơn đông vải chất liệu cotton cotton hàm lượng thành phần bao gồm bao gồm loại cổ áo dây treo dành cho nữ phong cách đơn giản chiều dài bình thường
191084,tuy combo áo nam ,Thời Trang Nam,Áo Ba Lỗ,https://shopee.vn/TUY-Combo-3-%C3%A1o-nam-.-i.470336723.10949515805?sp_atk=46391e2e-cafb-4fa0-9017-867ce18ec5a2,,100000.0,0.0,ất siêu đẹp giá siêu rẻ chứ anh em nào nhanh tay nhất em sẽ để lại cho người ta nhs mại zô 
19152,áo nịt ngực tomboy tanktop loại gài và dây kéo bên trong lót nịt gen thun bó sát thoải mái sb transguy tomboy,Thời Trang Nam,Áo Ba Lỗ,https://shopee.vn/%C3%81o-N%E1%BB%8Bt-Ng%E1%BB%B1c-Tomboy-Tanktop-Lo%E1%BA%A1i-G%C3%A0i-v%C3%A0-D%C3%A2y-K%C3%A9o-B%C3%AAn-Trong-L%C3%B3t-N%E1%BB%8Bt-Gen-Thun-B%C3%B3-S%C3%A1t-Tho%E1%BA%A3i-M%C3%A1i-Sb-Transguy-Tomboy-i.63726745.7292890807?sp_atk=fdf5a78f-30f3-45fa-832c-4321c38180cf,https://cf.shopee.vn/file/cb05ceaa512c39e7deb85bbd2a2f1ff5_tn,112500.0,4.9,t cả đơn hàng bên shop đều được che tên sản phẩm quý khách yên tâm mua sắm hướng dẫn chọn áo vui lòng chọn đúng theo bảng hướng dẫn hoặc inbox shop tư vấn áo nịt ngực thegioitomboy xin cam kết bao đổi trả trong h nếu anh em mặc không vừa kích cỡ hoàn tiền nếu khách không hài lòng với bất kỳ lý do gì khuyến mãi quanh năm không lo về giá áo shop thiết kế dạng thoải mái không quá bó chặt vì mặc lâu dài sẽ gây ép tim khó thở di chứng bệnh lý nên shop với mong muốn ae tự tin nhưng vẫn thoải mái và tập quen dần việc thoải mái với bản thân và giới tính của mình không làm chúng ta khó chịu mất tự tin khi người khác soi mói mọi sự góp ý của quý khách rất quan trọng đối với shop sau khi nhận hàng quý khách hãy thử trước nếu không hài lòng hãy inbox shop góp ý và để shop hỗ trợ đổi trả nếu hài lòng xin cho shop đánh giá để làm động lực phát triển cảm ơn anh em gần xa đã ủng hộ ạ nếu ae muốn bó nhiều inbox shop chọn hoặc mua rồi inbox shop đổi hoặc nếu không hài lòng inbox shop đổi trả cam kết hỗ trợ các ae hết mình ưu điểm áo nịt ngực thegioitomboy chất liệu áo được may từ vải cotton tici xịn co giãn mềm mịn mát mẫu shop tự thiết kế lưng khuyết đặc biệt tối ưu diện tích tiếp xúc lưng tạo sự mát mẻ cho vùng lưng móc gài được tối ưu tiết kiệm thời gian được làm từ inox không lo rỉ sét độ bền trên năm bản nịt gen thun bên trong cực ôm vòng tạo cảm giác chắc chắn nhưng không quá chặt gây khó thở vải có các lỗ li ti thoát khí chất liệu thun lạnh mặc vào rất mát thấm hút mồ hôi tốt nhất là trong thời tiết mùa hè rất dễ ra mồ hôi áo có độ bền cao đường may chắc chắn màu vải được lựa chọn phù hợp với màu da người châu á trắng đen xám giá rẻ nhất chỉ k bấm theo dõi shop để không bỏ các chương trình khuyến mãi áo được ưa thích bán chạy nhất vì tính tiện dụng đối với các bạn tập thể thao tập gym mang lại cảm giác mềm mại khi mặc chức năng bó sát nhưng không gây khó thở anh em đã không cần phải đi khòm lưng khi phải sợ người khác soi mói mình shop chuyên sỉ lẻ áo nịt ngực keo dán ngực từ đến nay áo tanktop xưởng sx đinh quang bá địa chỉ hưng lân bà điểm hóc môn tphcm sản xuất tại việt nam mua sỉ vui lòng inbox shopee hoặc alo để biết thêm chi tiết 
19656, a dệt kim đông xuân áo may ô nam lỗ màu trắng đen a dáng body ôm slim fit,Thời Trang Nam,Áo Ba Lỗ,https://shopee.vn/(A393)-D%E1%BB%86T-KIM-%C4%90%C3%94NG-XU%C3%82N-%C3%81O-MAY-%C3%94-NAM-3-L%E1%BB%96-M%C3%80U-TR%E1%BA%AENG-%C4%90EN-209-A0393-D%C3%81NG-BODY-%C3%94M-SLIM-FIT-i.279296612.2921494470?sp_atk=16e2bad5-832a-41e6-9ffa-49491761aa4f,,72000.0,5.0, dáng ôm hàng phân phối trực tiếp của công ty dệt kim đông xuân cam kết hàng chính hãng chất liệu thoáng mát và thấm hút mồ hôi không như hàng chợ pha nhiều nylon mỗi sản phẩm đều được để trong túi riêng in đầy đủ thông tin với chất liệu cotton mặt vải mịn thoáng khí co giãn tốt có khả năng thấm hút nước cao thoát nước nhanh khô đem lại cảm giác thoải mái tự tin cho người sử dụng quy trình xử lý vải an toàn không độc hại không gây kích ứng da theo tiêu chuẩn nhật bản áo may ô a là sự lựa chọn hoàn hảo cho nam giới 
